"Player                                             ▾","2024 Salary","2024 Signing","G","MIN","USG%","PPP","ppsa","EFG%","FT Rate","3P Rate","% Pts FT","% Pts 2P","% Pts 3P","ORB%","DRB%","TRB%","AST%","TOV%","AST/TOV","STL%","BLK%","PF%"
"Lindsay Allen                                                                                   L Allen","$90,000","UFA","40","950","14.2%","0.85","1.07","49.8%","12.1%","19.4%","15.9%","68.2%","15.9%","1.5%","8.4%","4.8%","26.0%","20.6%","2.45","1.5%","0.6%","3.2%"
"Rebecca Allen                                                                                   R Allen","$160,000","UFA","18","447","14.4%","0.91","1.04","51.6%","1.8%","55.5%","1.5%","42.1%","56.4%","3.5%","15.1%","9.3%","6.8%","12.3%","1.11","1.6%","2.5%","3.4%"
"Laeticia Amihere                                                                                   L Amihere","$72,727","--","16","83","23.3%","0.45","0.56","26.9%","23.5%","0.0%","26.3%","73.7%","0.0%","16.2%","22.1%","18.4%","6.3%","19.0%","0.38","1.1%","3.4%","4.0%"
"Ariel Atkins                                                                                   A Atkins","$200,000","--","40","1,196","23.8%","0.94","1.10","51.6%","13.8%","40.9%","14.1%","46.2%","39.7%","3.5%","10.2%","6.8%","19.5%","14.5%","1.35","2.2%","1.4%","4.2%"
"Amy Atwell                                                                                   A Atwell","$8,892","UFA","6","59","15.0%","0.79","0.88","36.7%","50.0%","76.5%","26.7%","13.3%","60.0%","5.7%","5.2%","5.5%","16.7%","10.5%","3.00","0.0%","1.4%","2.1%"
"Amy Atwell                                                                                   A Atwell","$635","UFA","6","59","15.0%","0.79","0.88","36.7%","50.0%","76.5%","26.7%","13.3%","60.0%","5.7%","5.2%","5.5%","16.7%","10.5%","3.00","0.0%","1.4%","2.1%"
"Shakira Austin                                                                                   S Austin","$80,943","Rookie","12","238","32.2%","0.81","0.97","43.4%","17.6%","2.7%","25.5%","72.3%","2.1%","10.0%","31.3%","20.3%","9.5%","16.6%","0.38","2.7%","4.5%","5.5%"
"Rachel Banham                                                                                   R Banham","$95,000","UFA","37","586","17.6%","0.91","1.00","48.0%","11.8%","67.6%","7.6%","18.1%","74.3%","1.4%","9.7%","5.4%","11.4%","8.7%","2.00","1.1%","1.1%","4.6%"
"Kierstan Bell                                                                                   K Bell","$74,398","Rookie","6","43","17.8%","0.94","1.00","50.0%","11.1%","47.1%","5.9%","23.5%","70.6%","2.6%","12.5%","7.8%","16.1%","5.6%","5.00","0.0%","0.0%","5.0%"
"Grace Berger                                                                                   G Berger","$72,727","--","11","102","18.1%","0.76","1.00","44.0%","23.1%","16.1%","29.0%","51.6%","19.4%","4.5%","13.6%","8.9%","11.3%","24.4%","0.70","2.2%","0.0%","5.2%"
"Morgan Bertsch                                                                                   M Bertsch","$19,056","Reserved","11","100","21.0%","0.46","0.63","23.3%","25.0%","42.9%","36.4%","36.4%","27.3%","8.8%","9.6%","9.2%","3.6%","27.1%","0.15","0.4%","0.9%","6.0%"
"Morgan Bertsch                                                                                   M Bertsch","$2,858","Reserved","11","100","21.0%","0.46","0.63","23.3%","25.0%","42.9%","36.4%","36.4%","27.3%","8.8%","9.6%","9.2%","3.6%","27.1%","0.15","0.4%","0.9%","6.0%"
"Caitlin Bickle                                                                                   C Bickle","$8,892","UFA","8","15","9.7%","0.00","0.00","0.0%","--","100.0%","--","--","--","0.0%","0.0%","0.0%","0.0%","0.0%","--","0.0%","0.0%","3.0%"
"Caitlin Bickle                                                                                   C Bickle","$13,339","UFA","8","15","9.7%","0.00","0.00","0.0%","--","100.0%","--","--","--","0.0%","0.0%","0.0%","0.0%","0.0%","--","0.0%","0.0%","3.0%"
"Monique Billings                                                                                   M Billings","$35,237","Hardship","37","843","17.1%","0.84","1.04","47.2%","13.3%","5.3%","20.8%","75.9%","3.3%","9.2%","20.6%","14.9%","10.3%","19.8%","0.82","1.4%","1.9%","4.4%"
"Monique Billings                                                                                   M Billings","$5,304","Hardship","37","843","17.1%","0.84","1.04","47.2%","13.3%","5.3%","20.8%","75.9%","3.3%","9.2%","20.6%","14.9%","10.3%","19.8%","0.82","1.4%","1.9%","4.4%"
"Monique Billings                                                                                   M Billings","$19,702","UFA","37","843","17.1%","0.84","1.04","47.2%","13.3%","5.3%","20.8%","75.9%","3.3%","9.2%","20.6%","14.9%","10.3%","19.8%","0.82","1.4%","1.9%","4.4%"
"DeWanna Bonner                                                                                   D Bonner","$209,593","UFA","40","1,272","22.7%","0.95","1.04","47.2%","17.4%","34.1%","19.8%","51.2%","29.0%","2.1%","21.4%","11.6%","11.3%","8.8%","1.43","1.7%","2.0%","2.6%"
"Aliyah Boston                                                                                   A Boston","$75,792","--","40","1,236","20.5%","0.97","1.13","53.7%","10.8%","5.2%","14.5%","81.8%","3.8%","10.7%","22.7%","16.8%","17.4%","13.7%","1.59","1.2%","3.5%","4.6%"
"Cameron Brink                                                                                   C Brink","$76,535","--","15","330","19.7%","0.76","0.99","44.7%","13.3%","27.2%","18.6%","54.9%","26.5%","6.8%","21.2%","14.4%","13.7%","23.0%","0.74","2.2%","9.0%","8.1%"
"Jaelyn Brown                                                                                   J Brown","$64,154","Rookie","14","141","12.9%","0.84","1.16","58.1%","5.0%","37.5%","2.7%","48.6%","48.6%","5.3%","11.9%","8.5%","6.2%","27.3%","0.50","1.2%","2.5%","4.9%"
"Kalani Brown                                                                                   K Brown","$125,000","UFA","39","516","19.2%","0.96","1.21","58.2%","14.8%","1.6%","17.5%","82.5%","0.0%","9.7%","17.8%","13.7%","13.1%","20.6%","0.85","0.6%","3.7%","5.3%"
"Lexie Brown                                                                                   L Brown","$80,340","UFA","16","379","20.2%","0.74","0.90","40.1%","16.2%","48.3%","18.6%","32.6%","48.8%","0.3%","10.7%","5.8%","24.3%","17.8%","1.71","2.0%","0.4%","2.6%"
"Jakia Brown-Turner                                                                                   J Brown-Turner","$3,811","Hardship","2","8","10.5%","1.00","1.00","0.0%","50.0%","0.0%","100.0%","0.0%","0.0%","0.0%","20.0%","8.3%","0.0%","0.0%","--","5.6%","0.0%","0.0%"
"Jakia Brown-Turner                                                                                   J Brown-Turner","$8,892","Hardship","2","8","10.5%","1.00","1.00","0.0%","50.0%","0.0%","100.0%","0.0%","0.0%","0.0%","20.0%","8.3%","0.0%","0.0%","--","5.6%","0.0%","0.0%"
"Kennedy Burke                                                                                   K Burke","$76,535","UFA","38","459","15.9%","0.79","0.95","46.6%","7.5%","42.0%","6.1%","59.5%","34.4%","3.6%","10.6%","7.3%","10.7%","16.4%","1.22","2.3%","2.0%","3.6%"
"Rae Burrell                                                                                   R Burrell","$125,000","UFA","37","579","18.8%","0.89","1.05","43.6%","34.1%","34.3%","35.5%","31.8%","32.7%","4.2%","10.0%","7.0%","12.3%","15.0%","1.14","2.3%","1.7%","4.6%"
"Veronica Burton                                                                                   V Burton","$50,180","UFA","31","392","12.2%","0.91","1.07","45.1%","34.0%","41.1%","32.3%","27.1%","40.6%","4.1%","9.8%","7.0%","22.1%","14.3%","3.87","1.6%","1.7%","3.8%"
"Maya Caldwell                                                                                   M Caldwell","$36,841","UFA","25","405","17.0%","0.85","0.99","47.6%","8.5%","37.9%","9.2%","56.5%","34.4%","5.7%","7.0%","6.3%","11.6%","14.8%","1.17","1.7%","1.1%","3.4%"
"Jordin Canada                                                                                   J Canada","$185,000","UFA","20","624","18.0%","0.84","1.00","43.5%","21.6%","27.1%","27.0%","50.2%","22.7%","2.2%","11.0%","6.4%","31.4%","16.7%","2.76","2.4%","0.8%","3.9%"
"Emma Cannon                                                                                   E Cannon","","UFA","5","9","20.0%","1.00","1.33","66.7%","0.0%","33.3%","0.0%","100.0%","0.0%","0.0%","25.0%","11.8%","16.7%","25.0%","1.00","0.0%","0.0%","0.0%"
"Emma Cannon                                                                                   E Cannon","$27,280","UFA","5","9","20.0%","1.00","1.33","66.7%","0.0%","33.3%","0.0%","100.0%","0.0%","0.0%","25.0%","11.8%","16.7%","25.0%","1.00","0.0%","0.0%","0.0%"
"Kamilla Cardoso                                                                                   K Cardoso","$76,535","Rookie","32","876","16.4%","0.95","1.11","52.1%","14.2%","0.0%","19.5%","80.5%","0.0%","12.2%","21.2%","16.5%","10.2%","14.8%","1.10","0.9%","4.8%","5.2%"
"Bridget Carleton                                                                                   B Carleton","$125,000","UFA","39","1,165","13.3%","1.10","1.24","60.4%","16.8%","68.3%","8.0%","18.8%","73.2%","3.8%","10.5%","7.3%","11.7%","11.8%","2.18","1.5%","0.9%","3.0%"
"DiJonai Carrington                                                                                   D Carrington","$78,469","Rookie","39","1,155","22.6%","0.87","0.99","43.4%","17.7%","20.8%","25.0%","59.3%","15.7%","5.6%","15.7%","10.5%","9.2%","12.9%","0.82","2.5%","1.4%","4.0%"
"Chennedy Carter                                                                                   C Carter","$76,535","UFA","33","858","29.9%","0.96","1.06","49.6%","10.7%","5.7%","15.9%","79.4%","4.7%","2.7%","12.9%","7.6%","24.2%","9.2%","1.85","1.9%","0.6%","5.4%"
"Jessika Carter                                                                                   J Carter","$10,798","UFA","2","4","20.0%","0.00","0.00","0.0%","50.0%","0.0%","--","--","--","0.0%","0.0%","0.0%","0.0%","0.0%","--","0.0%","0.0%","0.0%"
"Tina Charles                                                                                   T Charles","$130,000","UFA","39","1,160","24.6%","0.91","1.00","46.6%","8.6%","7.3%","14.5%","79.9%","5.7%","9.3%","28.4%","18.5%","16.1%","9.5%","1.46","1.4%","1.6%","3.8%"
"Layshia Clarendon                                                                                   L Clarendon","$100,000","UFA","21","335","14.5%","0.82","1.06","47.3%","16.7%","23.3%","22.0%","54.9%","23.1%","2.1%","11.5%","6.8%","26.6%","22.5%","2.16","2.0%","0.3%","5.9%"
"Alysha Clark                                                                                   A Clark","$110,000","UFA","40","972","12.1%","0.92","1.17","56.5%","16.5%","61.5%","9.6%","31.7%","58.8%","2.5%","14.3%","8.6%","10.5%","21.2%","1.27","1.5%","1.0%","4.9%"
"Caitlin Clark                                                                                   C Clark","$76,535","--","40","1,416","27.4%","0.87","1.16","52.2%","26.7%","53.6%","21.2%","31.2%","47.6%","1.2%","17.2%","9.4%","39.0%","25.2%","1.51","1.6%","1.7%","3.4%"
"Natasha Cloud                                                                                   N Cloud","$200,000","UFA","38","1,265","19.6%","0.80","1.02","45.4%","16.4%","33.3%","20.5%","49.3%","30.1%","1.7%","12.2%","7.1%","34.2%","21.1%","2.29","1.9%","1.7%","3.5%"
"Nia Coffey                                                                                   N Coffey","$150,000","UFA","40","534","16.6%","0.66","0.82","38.5%","10.9%","41.8%","12.3%","46.2%","41.5%","3.9%","16.6%","10.0%","14.5%","20.2%","1.15","1.0%","4.4%","4.1%"
"Napheesa Collier                                                                                   N Collier","$215,469","--","34","1,181","26.5%","1.01","1.13","52.0%","13.6%","16.3%","18.3%","68.3%","13.4%","7.9%","23.2%","16.1%","18.1%","10.2%","1.64","2.4%","3.4%","3.2%"
"Sydney Colson                                                                                   S Colson","$76,535","UFA","31","248","15.0%","0.93","1.12","53.1%","12.9%","54.4%","10.5%","34.2%","55.3%","0.5%","6.2%","3.4%","17.8%","17.1%","2.14","2.7%","1.8%","4.2%"
"Zia Cooke                                                                                   Z Cooke","$69,663","--","29","258","25.0%","0.71","0.82","37.1%","14.8%","29.6%","19.4%","48.5%","32.0%","1.4%","7.1%","4.2%","12.0%","14.4%","0.81","1.6%","1.0%","3.8%"
"Kahleah Copper                                                                                   K Copper","$241,984","Core","37","1,197","31.5%","0.94","1.09","49.0%","18.4%","30.6%","21.4%","52.2%","26.5%","2.4%","13.7%","8.2%","14.3%","13.3%","0.76","1.1%","0.2%","4.4%"
"Lorela Cubaj                                                                                   L Cubaj","$64,154","UFA","28","221","10.0%","0.67","0.89","42.9%","5.4%","0.0%","9.1%","90.9%","0.0%","9.1%","11.8%","10.5%","11.5%","24.5%","1.25","1.9%","0.9%","7.0%"
"Sophie Cunningham                                                                                   S Cunningham","$189,500","RFA","40","1,109","12.7%","1.08","1.23","57.1%","34.1%","66.4%","18.0%","21.0%","61.1%","1.7%","14.2%","8.2%","11.3%","12.3%","2.08","1.6%","0.8%","3.6%"
"Crystal Dangerfield                                                                                   C Dangerfield","$36,436","Reserved","33","440","16.4%","0.64","0.76","34.7%","10.4%","44.6%","14.2%","37.7%","48.1%","0.5%","8.9%","4.4%","24.2%","15.8%","2.38","1.1%","1.2%","2.5%"
"Crystal Dangerfield                                                                                   C Dangerfield","$15,912","Hardship","33","440","16.4%","0.64","0.76","34.7%","10.4%","44.6%","14.2%","37.7%","48.1%","0.5%","8.9%","4.4%","24.2%","15.8%","2.38","1.1%","1.2%","2.5%"
"Crystal Dangerfield                                                                                   C Dangerfield","$21,218","Hardship","33","440","16.4%","0.64","0.76","34.7%","10.4%","44.6%","14.2%","37.7%","48.1%","0.5%","8.9%","4.4%","24.2%","15.8%","2.38","1.1%","1.2%","2.5%"
"Damiris Dantas                                                                                   D Dantas","$97,100","UFA","20","210","18.9%","0.97","1.11","54.7%","12.8%","41.3%","9.0%","47.2%","43.8%","2.3%","21.0%","12.0%","8.5%","13.0%","1.00","1.0%","2.2%","4.2%"
"Kaela Davis                                                                                   K Davis","$5,304","Hardship","4","52","16.7%","0.67","0.86","41.7%","16.7%","14.3%","16.7%","33.3%","50.0%","2.3%","8.3%","4.8%","4.0%","22.2%","0.25","0.9%","3.0%","4.5%"
"Kaela Davis                                                                                   K Davis","$1,516","Hardship","4","52","16.7%","0.67","0.86","41.7%","16.7%","14.3%","16.7%","33.3%","50.0%","2.3%","8.3%","4.8%","4.0%","22.2%","0.25","0.9%","3.0%","4.5%"
"Marquesha Davis                                                                                   M Davis","$70,344","Rookie","20","80","15.5%","0.86","0.96","43.2%","12.5%","4.0%","20.8%","66.7%","12.5%","3.2%","11.1%","7.4%","7.3%","10.7%","1.33","0.5%","4.1%","6.0%"
"Diamond DeShields                                                                                   D DeShields","$100,000","UFA","32","441","20.0%","0.70","0.81","37.6%","12.1%","29.5%","15.4%","65.7%","18.9%","1.8%","10.6%","6.0%","15.8%","14.1%","1.48","2.0%","1.6%","5.2%"
"Skylar Diggins-Smith                                                                                   S Diggins-Smith","$208,219","UFA","40","1,262","23.8%","0.88","1.05","46.6%","14.9%","23.3%","21.5%","59.2%","19.3%","2.5%","7.1%","4.7%","34.1%","16.0%","2.34","2.4%","2.5%","3.9%"
"Liz Dixon                                                                                   L Dixon","$32,395","UFA","17","160","11.6%","0.71","0.88","37.9%","14.7%","0.0%","26.7%","73.3%","0.0%","9.9%","19.0%","14.6%","9.5%","19.0%","1.13","0.3%","5.2%","3.5%"
"Liz Dixon                                                                                   L Dixon","$4,446","UFA","17","160","11.6%","0.71","0.88","37.9%","14.7%","0.0%","26.7%","73.3%","0.0%","9.9%","19.0%","14.6%","9.5%","19.0%","1.13","0.3%","5.2%","3.5%"
"Ivana Dojkić                                                                                   I Dojkić","$64,154","UFA","26","257","17.3%","0.86","1.00","44.6%","28.9%","48.3%","24.1%","20.7%","55.2%","4.4%","5.7%","5.0%","10.8%","13.9%","1.43","1.6%","0.3%","4.5%"
"Stefanie Dolson                                                                                   S Dolson","$185,000","UFA","39","1,013","16.2%","1.01","1.24","60.4%","12.6%","52.0%","8.9%","32.9%","58.2%","3.8%","19.0%","11.4%","17.0%","18.6%","1.50","0.9%","1.7%","5.0%"
"Aaliyah Edwards                                                                                   A Edwards","$73,439","Rookie","34","741","17.9%","0.87","1.04","49.0%","15.8%","2.8%","20.2%","79.8%","0.0%","7.5%","23.7%","15.3%","11.1%","16.8%","0.96","1.5%","3.4%","5.4%"
"Queen Egbo                                                                                   Q Egbo","$18,415","--","8","29","19.1%","0.92","0.92","41.7%","7.7%","0.0%","16.7%","83.3%","0.0%","11.5%","26.9%","19.2%","0.0%","0.0%","--","4.5%","3.0%","6.0%"
"Queen Egbo                                                                                   Q Egbo","$6,352","Hardship","8","29","19.1%","0.92","0.92","41.7%","7.7%","0.0%","16.7%","83.3%","0.0%","11.5%","26.9%","19.2%","0.0%","0.0%","--","4.5%","3.0%","6.0%"
"Queen Egbo                                                                                   Q Egbo","$2,541","UFA","8","29","19.1%","0.92","0.92","41.7%","7.7%","0.0%","16.7%","83.3%","0.0%","11.5%","26.9%","19.2%","0.0%","0.0%","--","4.5%","3.0%","6.0%"
"Queen Egbo                                                                                   Q Egbo","$8,892","UFA","8","29","19.1%","0.92","0.92","41.7%","7.7%","0.0%","16.7%","83.3%","0.0%","11.5%","26.9%","19.2%","0.0%","0.0%","--","4.5%","3.0%","6.0%"
"Emily Engstler                                                                                   E Engstler","$64,154","UFA","32","464","18.0%","1.06","1.21","58.1%","8.5%","35.0%","9.1%","49.7%","41.1%","11.3%","21.7%","16.4%","17.9%","11.9%","2.14","1.8%","4.7%","4.7%"
"Dana Evans                                                                                   D Evans","$78,469","Rookie","39","743","19.0%","0.85","1.02","45.8%","13.3%","39.8%","17.2%","38.7%","44.1%","0.7%","6.1%","3.3%","20.8%","16.2%","1.77","1.6%","0.6%","2.9%"
"Temi Fagbenle                                                                                   T Fagbenle","$76,535","Reserved","22","415","16.1%","0.92","1.11","51.8%","10.5%","9.5%","15.7%","80.0%","4.3%","8.8%","20.6%","14.6%","7.8%","17.6%","0.74","1.2%","3.3%","7.0%"
"Dyaisha Fair                                                                                   D Fair","$9,987","Rookie","1","4","22.2%","0.00","0.00","0.0%","0.0%","50.0%","--","--","--","0.0%","0.0%","0.0%","66.7%","0.0%","--","0.0%","0.0%","0.0%"
"Dulcy Fankam Mendjiadeu                                                                                   D Fankam Mendjiadeu","$13,188","--","7","36","9.4%","0.75","1.20","66.7%","40.0%","0.0%","33.3%","66.7%","0.0%","12.5%","15.6%","14.5%","3.8%","37.5%","0.33","0.0%","0.0%","6.0%"
"Leonie Fiebich                                                                                   L Fiebich","$67,249","--","40","837","13.7%","1.04","1.24","61.3%","13.6%","59.1%","6.7%","31.5%","61.8%","5.5%","11.1%","8.3%","12.8%","16.0%","1.71","2.1%","0.7%","4.8%"
"Kysre Gondrezick                                                                                   K Gondrezick","$30,489","UFA","5","16","25.6%","0.50","0.71","35.7%","0.0%","85.7%","0.0%","40.0%","60.0%","6.7%","7.1%","6.9%","20.0%","30.0%","0.67","10.3%","0.0%","5.1%"
"Allisha Gray                                                                                   A Gray","$185,000","RFA","40","1,327","22.2%","0.94","1.04","47.1%","22.1%","33.9%","23.0%","43.7%","33.3%","3.7%","11.5%","7.5%","15.2%","10.1%","1.60","1.4%","2.0%","3.2%"
"Chelsea Gray                                                                                   C Gray","$196,267","UFA","27","702","19.3%","0.80","1.03","47.1%","13.4%","34.1%","16.7%","49.8%","33.5%","0.9%","11.5%","6.5%","29.3%","22.1%","2.06","2.1%","2.2%","2.3%"
"Brittney Griner                                                                                   B Griner","$150,000","UFA","30","861","25.7%","1.12","1.26","59.1%","11.5%","4.2%","16.3%","78.7%","5.1%","7.8%","19.1%","13.6%","16.3%","11.1%","1.30","0.8%","4.8%","2.9%"
"Megan Gustafson                                                                                   M Gustafson","$94,000","UFA","38","405","14.2%","1.11","1.25","60.4%","12.5%","50.4%","9.2%","44.0%","46.8%","6.7%","14.0%","10.5%","3.4%","11.0%","0.64","1.4%","1.0%","6.5%"
"Dearica Hamby                                                                                   D Hamby","$189,000","--","40","1,346","24.0%","0.95","1.13","54.1%","17.1%","14.4%","18.1%","68.9%","13.0%","5.5%","27.5%","16.5%","20.7%","16.1%","1.18","2.3%","0.5%","3.6%"
"Tyasha Harris                                                                                   T Harris","$97,100","--","39","1,125","17.4%","0.95","1.09","51.3%","15.2%","40.5%","14.4%","41.6%","44.0%","1.1%","6.6%","3.8%","17.7%","12.6%","2.19","1.7%","1.1%","2.7%"
"Isabelle Harrison                                                                                   I Harrison","$160,000","UFA","36","587","22.3%","0.79","0.90","40.5%","8.7%","6.9%","17.5%","78.6%","3.8%","7.1%","21.3%","13.8%","8.1%","13.1%","0.69","1.5%","1.8%","3.6%"
"Tiffany Hayes                                                                                   T Hayes","$88,000","UFA","33","708","18.7%","1.09","1.21","57.5%","22.0%","31.7%","19.2%","49.2%","31.6%","4.7%","10.6%","7.7%","15.8%","9.8%","2.46","1.6%","1.1%","4.3%"
"Destanni Henderson                                                                                   D Henderson","$8,892","Hardship","6","105","17.6%","0.57","0.75","36.2%","13.6%","31.3%","12.5%","75.0%","12.5%","0.0%","12.6%","6.2%","23.4%","23.8%","1.50","0.9%","0.8%","2.1%"
"Mikiah Herbert Harrigan                                                                                   M Herbert Harrigan","$64,154","UFA","31","336","14.9%","0.90","1.04","51.2%","21.4%","55.3%","11.2%","36.7%","52.0%","5.5%","10.0%","7.8%","4.5%","13.8%","0.60","2.0%","2.9%","3.6%"
"Natisha Hiedeman                                                                                   N Hiedeman","$120,000","RFA","40","607","19.0%","0.77","0.94","44.0%","12.0%","39.6%","12.9%","51.5%","35.6%","3.0%","8.8%","5.9%","24.9%","17.5%","2.16","2.3%","0.9%","3.6%"
"Naz Hillmon                                                                                   N Hillmon","$71,124","Rookie","40","868","11.7%","1.00","1.21","55.5%","14.4%","1.6%","21.0%","77.7%","1.3%","8.2%","17.7%","12.8%","10.3%","16.7%","1.37","1.5%","1.2%","2.9%"
"Myisha Hines-Allen                                                                                   M Hines-Allen","$180,200","RFA","40","746","20.0%","0.95","1.15","52.9%","13.0%","18.3%","17.6%","65.2%","17.3%","6.8%","23.3%","15.0%","23.9%","17.0%","1.82","1.6%","0.5%","4.9%"
"Joyner Holmes                                                                                   J Holmes","$61,380","UFA","27","231","19.7%","0.76","0.95","46.2%","9.6%","37.3%","8.9%","68.4%","22.8%","6.8%","17.4%","12.2%","16.7%","20.2%","1.19","1.2%","2.3%","5.4%"
"Jordan Horston                                                                                   J Horston","$69,663","--","39","871","15.5%","0.86","1.09","52.2%","9.9%","21.3%","11.7%","73.7%","14.7%","6.0%","16.1%","11.0%","12.5%","21.3%","1.05","2.5%","2.6%","3.7%"
"Natasha Howard                                                                                   N Howard","$234,350","Core","27","825","27.9%","0.87","1.02","47.0%","13.6%","11.8%","18.8%","74.3%","7.0%","7.4%","19.3%","13.1%","16.2%","14.0%","1.03","1.8%","2.2%","4.5%"
"Rhyne Howard                                                                                   R Howard","$80,943","Rookie","30","1,018","24.8%","0.92","1.01","46.0%","23.3%","47.4%","20.2%","33.5%","46.2%","2.7%","12.3%","7.4%","17.7%","9.0%","1.84","2.4%","1.7%","2.8%"
"Lexie Hull                                                                                   L Hull","$77,669","Rookie","34","671","12.0%","1.01","1.19","56.3%","23.3%","44.9%","17.7%","29.0%","53.2%","6.0%","8.5%","7.3%","7.5%","15.7%","1.24","1.4%","1.4%","5.5%"
"Sabrina Ionescu                                                                                   S Ionescu","$202,000","--","38","1,221","27.9%","0.90","1.05","48.2%","15.7%","48.8%","15.3%","38.2%","46.5%","2.7%","13.1%","8.1%","33.7%","13.6%","2.26","1.4%","0.9%","1.7%"
"Rickea Jackson                                                                                   R Jackson","$76,535","Rookie","40","1,152","21.6%","0.95","1.10","50.5%","13.0%","25.5%","17.2%","58.7%","24.1%","5.3%","10.9%","8.1%","9.7%","13.5%","0.78","1.0%","1.0%","2.7%"
"Moriah Jefferson                                                                                   M Jefferson","$141,500","UFA","23","184","13.1%","0.56","0.66","26.2%","17.9%","40.4%","29.0%","32.3%","38.7%","1.8%","4.1%","2.9%","25.0%","14.5%","3.75","2.0%","0.0%","4.3%"
"Brionna Jones                                                                                   B Jones","$212,000","Core","40","1,087","22.1%","1.04","1.15","54.0%","14.7%","2.9%","19.5%","79.4%","1.1%","9.5%","15.7%","12.5%","10.7%","9.7%","1.18","2.0%","2.0%","4.5%"
"Haley Jones                                                                                   H Jones","$72,727","--","40","712","14.6%","0.66","0.93","41.8%","14.5%","16.9%","21.3%","67.1%","11.6%","1.5%","12.7%","7.0%","19.4%","29.1%","1.24","0.9%","1.4%","5.0%"
"Jonquel Jones                                                                                   J Jones","$190,000","UFA","39","1,164","20.0%","1.06","1.29","61.6%","17.2%","35.1%","14.8%","53.2%","32.0%","6.8%","27.3%","17.3%","18.4%","17.6%","1.37","1.2%","3.7%","4.4%"
"Dorka Juhász                                                                                   D Juhász","$66,597","--","34","547","14.4%","0.94","1.07","51.7%","6.8%","22.4%","8.0%","71.6%","20.4%","7.0%","20.5%","13.9%","10.6%","12.1%","1.71","1.2%","2.1%","3.2%"
"Ezinne Kalu                                                                                   E Kalu","$1,270","Hardship","1","13","11.1%","1.00","1.00","33.3%","0.0%","33.3%","33.3%","66.7%","0.0%","0.0%","9.1%","5.0%","0.0%","0.0%","--","3.7%","0.0%","14.8%"
"Sika Koné                                                                                   S Koné","$64,154","--","27","217","24.1%","0.94","1.07","45.2%","17.2%","7.0%","29.0%","59.8%","11.2%","7.7%","22.8%","15.3%","9.8%","12.3%","0.86","1.2%","0.8%","5.1%"
"Lou Lopez Sénéchal                                                                                   L Lopez Sénéchal","$72,727","Rookie","27","125","14.5%","0.60","0.69","33.8%","9.5%","41.7%","8.0%","56.0%","36.0%","2.8%","7.7%","5.2%","12.2%","14.3%","1.67","1.0%","0.0%","4.5%"
"Jewell Loyd                                                                                   J Loyd","$241,984","Core","37","1,246","28.6%","0.89","0.99","40.8%","21.4%","29.3%","30.5%","45.3%","24.3%","2.3%","12.9%","7.5%","18.5%","10.4%","1.59","1.8%","0.5%","2.3%"
"Marina Mabrey                                                                                   M Mabrey","$217,592","RFA","40","1,235","22.5%","0.90","1.06","50.8%","9.2%","47.8%","8.5%","40.3%","51.1%","2.0%","14.7%","8.2%","22.7%","14.7%","1.73","1.6%","1.2%","3.7%"
"Natasha Mack                                                                                   N Mack","$64,154","UFA","40","619","11.7%","0.96","1.16","57.3%","6.2%","2.3%","7.2%","92.8%","0.0%","11.5%","24.9%","18.4%","12.2%","17.5%","1.57","1.9%","6.8%","3.9%"
"Ezi Magbegor                                                                                   E Magbegor","$155,000","Reserved","37","1,135","16.5%","1.01","1.15","53.1%","12.4%","14.1%","17.6%","73.4%","9.0%","8.1%","21.7%","14.8%","10.7%","12.4%","1.40","1.5%","6.2%","4.5%"
"Kate Martin                                                                                   K Martin","$67,249","--","34","392","13.2%","0.76","0.93","43.2%","18.8%","66.0%","12.6%","11.5%","75.9%","1.8%","13.8%","7.8%","10.8%","18.3%","1.43","0.8%","1.7%","3.3%"
"Kayla McBride                                                                                   K McBride","$208,000","UFA","39","1,237","20.6%","1.05","1.22","54.7%","29.7%","53.8%","22.7%","23.5%","53.8%","1.4%","7.8%","4.7%","16.7%","14.1%","1.59","1.8%","0.1%","1.7%"
"Teaira McCowan                                                                                   T McCowan","$195,700","RFA","39","983","19.7%","1.00","1.21","57.1%","15.2%","1.1%","19.4%","79.9%","0.7%","13.4%","25.2%","19.2%","10.4%","16.7%","0.80","1.5%","2.9%","5.2%"
"Aari McDonald                                                                                   A McDonald","$89,302","Rookie","26","568","20.5%","0.86","1.06","47.9%","18.7%","42.5%","19.0%","42.5%","38.5%","2.5%","8.6%","5.5%","30.3%","18.3%","2.00","1.8%","0.9%","4.1%"
"Jade Melbourne                                                                                   J Melbourne","$64,154","--","37","525","21.3%","0.80","1.06","49.4%","16.7%","29.8%","17.6%","52.3%","30.2%","2.9%","9.9%","6.3%","19.3%","24.8%","0.95","2.0%","0.9%","4.6%"
"Diamond Miller                                                                                   D Miller","$75,792","--","21","213","21.0%","0.62","0.76","34.1%","20.4%","32.5%","23.0%","52.5%","24.6%","5.1%","15.8%","10.4%","10.1%","19.2%","0.68","1.5%","0.4%","4.9%"
"Kelsey Mitchell                                                                                   K Mitchell","$212,000","--","40","1,280","24.4%","1.07","1.18","55.9%","12.7%","41.7%","12.3%","45.1%","42.6%","2.5%","6.4%","4.5%","9.8%","9.0%","1.11","0.9%","0.5%","2.2%"
"Tiffany Mitchell                                                                                   T Mitchell","$139,050","UFA","24","391","17.0%","0.81","0.91","37.6%","19.8%","18.5%","30.5%","54.2%","15.3%","3.5%","8.4%","5.9%","7.9%","10.3%","1.27","1.3%","0.3%","3.5%"
"Nika Mühl                                                                                   N Mühl","$67,249","--","16","57","13.6%","0.11","0.14","7.1%","0.0%","78.6%","0.0%","100.0%","0.0%","12.5%","7.8%","9.7%","14.6%","22.2%","1.75","1.6%","0.0%","7.0%"
"Astou Ndour-Fall                                                                                   A Ndour-Fall","$125,000","UFA","22","92","15.8%","0.78","0.86","38.5%","15.8%","34.5%","20.0%","56.0%","24.0%","2.9%","20.5%","12.1%","1.6%","9.4%","0.33","0.5%","4.1%","5.0%"
"Olivia Nelson-Ododa                                                                                   O Nelson-Ododa","$71,124","Rookie","37","437","15.2%","0.86","1.07","49.5%","15.4%","0.0%","21.6%","78.4%","0.0%","8.5%","17.8%","13.1%","2.9%","19.9%","0.28","1.5%","4.7%","6.7%"
"Kia Nurse                                                                                   K Nurse","$142,500","UFA","40","810","18.5%","0.89","1.04","48.9%","20.8%","55.2%","15.2%","32.3%","52.5%","2.6%","7.0%","4.8%","11.6%","14.5%","1.08","1.0%","0.1%","4.0%"
"Arike Ogunbowale                                                                                   A Ogunbowale","$241,984","--","38","1,466","26.6%","0.92","1.04","46.0%","17.2%","39.9%","20.7%","39.5%","39.8%","2.3%","12.0%","7.0%","22.4%","11.2%","1.89","2.4%","0.6%","3.2%"
"Nneka Ogwumike                                                                                   N Ogwumike","$204,500","UFA","37","1,177","21.8%","1.06","1.15","54.2%","9.3%","13.8%","13.7%","71.7%","14.5%","6.6%","20.7%","13.6%","13.1%","8.4%","1.76","2.6%","1.4%","3.1%"
"Michaela Onyenwere                                                                                   M Onyenwere","$85,690","Rookie","34","636","18.9%","0.82","0.98","47.4%","11.7%","29.4%","11.1%","55.8%","33.2%","3.3%","8.0%","5.6%","8.8%","15.7%","0.77","1.4%","1.6%","4.8%"
"Charisma Osborne                                                                                   C Osborne","$45,098","UFA","2","10","17.4%","0.50","1.00","50.0%","0.0%","0.0%","0.0%","100.0%","0.0%","0.0%","14.3%","5.6%","16.7%","50.0%","0.50","0.0%","0.0%","4.8%"
"Cheyenne Parker-Tyus                                                                                   C Parker-Tyus","$200,000","UFA","25","492","24.3%","0.85","1.05","45.2%","15.6%","6.4%","26.8%","69.3%","3.9%","7.2%","21.2%","14.1%","14.3%","19.2%","0.71","1.9%","1.6%","5.4%"
"Alissa Pili                                                                                   A Pili","$73,439","--","22","138","22.4%","0.78","1.08","52.2%","18.2%","55.1%","11.3%","37.7%","50.9%","5.0%","17.8%","11.4%","6.3%","27.9%","0.26","1.6%","1.4%","9.4%"
"Kelsey Plum                                                                                   K Plum","$200,000","--","38","1,291","24.6%","0.98","1.13","52.3%","17.2%","49.8%","15.2%","36.0%","48.7%","0.9%","7.6%","4.3%","21.3%","13.4%","1.71","0.9%","0.1%","3.6%"
"Aerial Powers                                                                                   A Powers","$155,000","UFA","17","304","25.8%","0.83","0.93","40.6%","15.7%","22.9%","23.3%","47.9%","28.8%","5.5%","16.2%","10.6%","15.7%","10.3%","1.33","2.3%","1.2%","5.1%"
"Angel Reese                                                                                   A Reese","$73,439","Rookie","34","1,104","22.4%","0.80","0.92","39.5%","16.9%","3.2%","28.4%","69.7%","1.9%","17.0%","29.3%","22.9%","9.5%","13.0%","0.84","1.8%","1.3%","4.8%"
"DiDi Richards                                                                                   D Richards","$64,154","UFA","19","198","14.4%","0.72","0.81","40.0%","13.2%","7.0%","13.0%","87.0%","0.0%","6.1%","12.4%","9.0%","10.7%","10.9%","1.86","0.5%","2.1%","3.4%"
"Mercedes Russell                                                                                   M Russell","$160,000","RFA","37","583","11.9%","0.91","1.09","51.7%","9.8%","0.0%","14.5%","85.5%","0.0%","5.1%","16.4%","10.8%","7.6%","16.4%","1.15","1.7%","1.3%","3.3%"
"Nyara Sabally                                                                                   N Sabally","$72,727","--","26","352","14.6%","1.09","1.23","57.5%","16.7%","1.9%","21.9%","78.1%","0.0%","11.4%","23.1%","17.5%","6.8%","11.1%","1.15","2.9%","4.5%","5.2%"
"Satou Sabally                                                                                   S Sabally","$195,000","RFA","15","512","22.6%","0.97","1.13","51.7%","19.4%","35.1%","19.7%","37.9%","42.4%","3.9%","18.7%","10.9%","23.0%","13.4%","2.03","1.6%","1.4%","4.0%"
"Karlie Samuelson                                                                                   K Samuelson","$125,000","UFA","29","711","14.8%","1.04","1.16","53.6%","18.6%","58.9%","14.8%","24.7%","60.5%","2.4%","10.2%","6.2%","14.6%","10.7%","2.48","1.7%","0.1%","3.0%"
"Katie Lou Samuelson                                                                                   K Samuelson","$175,000","UFA","37","674","11.3%","0.91","1.02","46.2%","17.9%","64.1%","15.1%","22.6%","62.3%","3.0%","11.6%","7.4%","10.7%","10.3%","2.83","0.8%","1.2%","3.5%"
"Victaria Saxton                                                                                   V Saxton","$64,154","--","9","23","22.0%","0.73","0.80","38.9%","16.7%","40.0%","12.5%","50.0%","37.5%","0.0%","15.8%","7.9%","0.0%","9.1%","0.00","0.0%","0.0%","7.5%"
"Jacy Sheldon                                                                                   J Sheldon","$73,439","Rookie","40","931","13.0%","0.76","0.98","45.7%","9.6%","43.7%","11.5%","47.0%","41.5%","3.4%","7.3%","5.2%","15.3%","22.1%","1.57","1.1%","1.1%","4.7%"
"Jaylyn Sherrod                                                                                   J Sherrod","$13,338","UFA","10","37","22.6%","1.00","1.12","57.1%","27.3%","35.3%","15.8%","52.6%","31.6%","6.3%","3.2%","4.8%","23.8%","10.5%","2.50","3.7%","2.1%","4.9%"
"Jaylyn Sherrod                                                                                   J Sherrod","$17,150","UFA","10","37","22.6%","1.00","1.12","57.1%","27.3%","35.3%","15.8%","52.6%","31.6%","6.3%","3.2%","4.8%","23.8%","10.5%","2.50","3.7%","2.1%","4.9%"
"Maddy Siegrist                                                                                   M Siegrist","$75,792","--","27","644","16.3%","1.04","1.11","52.9%","10.4%","16.1%","12.9%","75.3%","11.8%","7.9%","8.8%","8.4%","7.0%","6.1%","1.80","0.7%","1.3%","2.2%"
"Odyssey Sims                                                                                   O Sims","$13,072","Hardship","24","700","20.3%","0.93","1.11","52.5%","14.0%","21.3%","15.9%","64.2%","19.9%","3.0%","6.1%","4.5%","30.0%","16.0%","2.44","1.8%","0.6%","2.3%"
"Odyssey Sims                                                                                   O Sims","$15,912","Hardship","24","700","20.3%","0.93","1.11","52.5%","14.0%","21.3%","15.9%","64.2%","19.9%","3.0%","6.1%","4.5%","30.0%","16.0%","2.44","1.8%","0.6%","2.3%"
"Odyssey Sims                                                                                   O Sims","$9,851","Hardship","24","700","20.3%","0.93","1.11","52.5%","14.0%","21.3%","15.9%","64.2%","19.9%","3.0%","6.1%","4.5%","30.0%","16.0%","2.44","1.8%","0.6%","2.3%"
"Alanna Smith                                                                                   A Smith","$150,000","UFA","39","1,035","18.5%","0.94","1.15","54.6%","14.2%","34.3%","13.7%","50.6%","35.7%","7.2%","17.0%","12.3%","20.0%","18.1%","1.63","2.3%","4.8%","5.1%"
"NaLyssa Smith                                                                                   N Smith","$80,943","Rookie","40","990","20.4%","0.92","1.03","50.0%","16.1%","11.8%","17.1%","73.0%","10.0%","8.6%","24.5%","16.7%","6.8%","11.3%","0.79","1.3%","3.5%","4.7%"
"Stephanie Soares                                                                                   S Soares","$76,535","--","22","175","11.4%","0.51","0.69","32.4%","4.3%","34.3%","8.3%","66.7%","25.0%","11.8%","18.4%","15.2%","8.5%","25.5%","0.83","0.5%","3.6%","4.3%"
"Taylor Soule                                                                                   T Soule","$8,893","UFA","2","3","16.7%","0.00","--","--","--","--","--","--","--","0.0%","50.0%","16.7%","0.0%","100.0%","0.00","0.0%","0.0%","0.0%"
"Azurá Stevens                                                                                   A Stevens","$215,000","UFA","20","493","20.0%","0.85","1.02","47.8%","10.1%","42.3%","11.5%","44.8%","43.8%","4.9%","30.2%","17.3%","13.1%","16.0%","1.06","1.5%","3.1%","3.5%"
"Breanna Stewart                                                                                   B Stewart","$205,000","Core","38","1,243","26.7%","1.04","1.14","49.8%","20.1%","22.8%","25.9%","56.4%","17.8%","5.8%","23.7%","14.9%","19.4%","8.7%","2.06","2.3%","3.3%","2.9%"
"Kiah Stokes                                                                                   K Stokes","$100,000","UFA","39","717","5.2%","0.68","0.83","39.5%","15.4%","60.6%","10.9%","40.0%","49.1%","3.8%","24.9%","14.7%","5.3%","18.5%","1.87","1.3%","3.9%","4.2%"
"Sug Sutton                                                                                   S Sutton","$64,154","Reserved","29","380","14.1%","0.56","0.79","36.7%","13.6%","48.2%","13.4%","41.8%","44.8%","1.9%","6.6%","4.4%","23.7%","28.6%","1.82","1.8%","0.2%","3.0%"
"Brittney Sykes                                                                                   B Sykes","$200,000","UFA","18","419","28.6%","0.83","0.97","44.5%","15.6%","26.1%","19.1%","59.1%","21.8%","3.1%","17.4%","10.3%","24.4%","15.0%","1.38","1.7%","1.5%","2.7%"
"Stephanie Talbot                                                                                   S Talbot","$115,000","UFA","37","600","12.9%","0.75","0.95","44.8%","15.9%","36.2%","15.3%","55.0%","29.8%","4.1%","16.3%","10.1%","19.9%","21.1%","2.05","1.4%","2.5%","3.8%"
"Diana Taurasi                                                                                   D Taurasi","$234,936","UFA","36","1,044","24.0%","0.97","1.11","50.0%","24.2%","53.2%","20.1%","32.0%","48.0%","1.5%","13.3%","7.5%","20.9%","12.3%","1.79","0.9%","0.9%","3.8%"
"Celeste Taylor                                                                                   C Taylor","$29,962","--","22","328","13.0%","0.63","0.83","38.7%","20.0%","42.9%","17.2%","51.7%","31.0%","2.2%","7.5%","5.0%","13.0%","23.9%","1.27","2.0%","2.7%","2.9%"
"Celeste Taylor                                                                                   C Taylor","$13,338","UFA","22","328","13.0%","0.63","0.83","38.7%","20.0%","42.9%","17.2%","51.7%","31.0%","2.2%","7.5%","5.0%","13.0%","23.9%","1.27","2.0%","2.7%","2.9%"
"Celeste Taylor                                                                                   C Taylor","$8,893","UFA","22","328","13.0%","0.63","0.83","38.7%","20.0%","42.9%","17.2%","51.7%","31.0%","2.2%","7.5%","5.0%","13.0%","23.9%","1.27","2.0%","2.7%","2.9%"
"Celeste Taylor                                                                                   C Taylor","$4,446","UFA","22","328","13.0%","0.63","0.83","38.7%","20.0%","42.9%","17.2%","51.7%","31.0%","2.2%","7.5%","5.0%","13.0%","23.9%","1.27","2.0%","2.7%","2.9%"
"Alyssa Thomas                                                                                   A Thomas","$218,000","UFA","40","1,296","18.8%","0.79","1.08","50.9%","16.6%","1.0%","21.5%","78.5%","0.0%","9.1%","23.5%","16.1%","41.1%","27.1%","2.19","2.2%","1.3%","3.0%"
"Kayla Thornton                                                                                   K Thornton","$110,000","--","40","809","13.0%","0.93","1.03","49.0%","12.5%","58.9%","10.0%","29.0%","61.1%","5.7%","8.9%","7.3%","4.9%","9.7%","1.17","1.6%","0.9%","3.1%"
"Brianna Turner                                                                                   B Turner","$150,000","--","27","253","6.8%","0.85","1.22","61.5%","3.7%","0.0%","3.0%","97.0%","0.0%","4.7%","20.9%","12.2%","6.2%","30.8%","0.83","1.6%","4.3%","5.0%"
"Sevgi Uzun                                                                                   S Uzun","$64,154","Rookie","40","820","14.7%","0.62","0.84","39.2%","8.0%","40.2%","10.9%","54.9%","34.3%","1.3%","8.2%","4.7%","20.7%","25.9%","1.63","2.0%","1.2%","3.2%"
"Courtney Vandersloot                                                                                   C Vandersloot","$194,670","UFA","31","692","16.1%","0.78","1.01","49.5%","10.9%","34.2%","8.6%","64.0%","27.4%","2.2%","10.9%","6.7%","33.6%","22.2%","2.66","1.6%","1.8%","3.4%"
"Julie Vanloo                                                                                   J Vanloo","$64,154","Rookie","40","926","20.1%","0.71","0.94","46.4%","7.7%","70.9%","3.4%","23.1%","73.5%","0.6%","7.9%","4.2%","30.6%","24.6%","1.70","0.9%","0.1%","4.1%"
"Victoria Vivians                                                                                   V Vivians","$85,000","RFA","35","445","14.2%","0.75","0.87","42.3%","6.9%","54.3%","5.5%","34.5%","60.0%","4.8%","13.0%","8.8%","9.6%","13.6%","1.45","1.3%","1.4%","4.1%"
"Victoria Vivians                                                                                   V Vivians","$76,535","UFA","35","445","14.2%","0.75","0.87","42.3%","6.9%","54.3%","5.5%","34.5%","60.0%","4.8%","13.0%","8.8%","9.6%","13.6%","1.45","1.3%","1.4%","4.1%"
"Shatori Walker-Kimbrough                                                                                   S Walker-Kimbrough","$97,850","UFA","40","883","17.0%","0.89","1.06","48.4%","16.5%","37.6%","18.1%","46.8%","35.1%","1.7%","7.7%","4.7%","14.0%","16.1%","1.39","2.1%","1.9%","2.0%"
"Kristy Wallace                                                                                   K Wallace","$71,124","Rookie","26","447","14.3%","0.86","0.98","47.4%","13.2%","46.0%","9.8%","48.8%","41.5%","2.9%","9.7%","6.3%","15.7%","11.9%","2.65","1.8%","1.2%","2.9%"
"Erica Wheeler                                                                                   E Wheeler","$202,154","UFA","39","546","14.8%","0.78","0.97","46.5%","6.3%","35.4%","7.7%","60.6%","31.7%","1.5%","9.7%","5.7%","19.4%","19.2%","1.97","1.4%","0.7%","3.6%"
"Sami Whitcomb                                                                                   S Whitcomb","$140,000","UFA","40","611","18.0%","0.79","0.94","45.9%","7.8%","75.9%","4.5%","25.0%","70.5%","2.8%","11.0%","6.9%","15.8%","15.9%","1.60","2.1%","1.3%","4.0%"
"Courtney Williams                                                                                   C Williams","$175,000","UFA","40","1,061","24.0%","0.80","0.97","46.9%","4.9%","15.1%","7.6%","76.9%","15.5%","1.6%","18.0%","10.2%","37.1%","17.7%","2.26","1.5%","1.3%","3.2%"
"Elizabeth Williams                                                                                   E Williams","$165,000","UFA","9","249","17.0%","0.88","1.03","48.7%","12.6%","0.0%","17.8%","82.2%","0.0%","10.2%","17.8%","13.8%","9.7%","14.7%","0.93","2.6%","5.0%","3.2%"
"Gabby Williams                                                                                   G Williams","$23,491","UFA","12","351","16.6%","0.96","1.11","52.9%","9.9%","27.7%","11.3%","64.5%","24.2%","3.0%","13.2%","8.0%","19.2%","13.2%","2.59","2.5%","0.7%","2.7%"
"Kiana Williams                                                                                   K Williams","$32,395","UFA","13","45","17.1%","0.61","0.69","34.4%","0.0%","56.3%","0.0%","18.2%","81.8%","0.0%","5.3%","2.5%","15.2%","11.1%","2.50","0.0%","0.0%","2.9%"
"Kiana Williams                                                                                   K Williams","$8,892","UFA","13","45","17.1%","0.61","0.69","34.4%","0.0%","56.3%","0.0%","18.2%","81.8%","0.0%","5.3%","2.5%","15.2%","11.1%","2.50","0.0%","0.0%","2.9%"
"A'ja Wilson                                                                                   A Wilson","$227,303","RFA","38","1,308","32.0%","1.12","1.18","53.1%","15.3%","6.9%","22.7%","71.7%","5.6%","7.2%","31.8%","19.8%","14.2%","5.3%","1.83","2.3%","6.3%","2.3%"
"Jackie Young                                                                                   J Young","$169,950","--","37","1,205","22.8%","0.97","1.11","50.5%","18.0%","39.7%","19.0%","44.9%","36.0%","2.6%","12.5%","7.7%","27.1%","13.0%","2.53","1.4%","0.6%","3.4%"
"Li Yueru                                                                                   L Yueru","$64,767","--","38","546","16.7%","0.93","1.11","47.6%","17.0%","8.6%","27.5%","66.3%","6.2%","11.8%","18.6%","15.4%","7.1%","15.9%","0.67","1.0%","1.4%","6.6%"
"Cecilia Zandalasini                                                                                   C Zandalasini","$64,154","SuspCE","40","487","18.0%","0.96","1.14","55.7%","13.3%","43.8%","9.8%","39.3%","50.8%","1.2%","9.4%","5.4%","14.7%","16.2%","1.39","1.4%","1.6%","5.0%"
"Olivia Époupa                                                                                   O Époupa","$64,154","Rookie","17","114","12.9%","0.44","0.82","37.5%","5.9%","0.0%","14.3%","85.7%","0.0%","6.3%","12.7%","9.6%","32.9%","46.9%","1.73","5.3%","0.0%","5.0%"
"Olivia Époupa                                                                                   O Époupa","$635","UFA","17","114","12.9%","0.44","0.82","37.5%","5.9%","0.0%","14.3%","85.7%","0.0%","6.3%","12.7%","9.6%","32.9%","46.9%","1.73","5.3%","0.0%","5.0%"